{
  "type": "US_SAMS_MEMBERSHIP_KIOSK",
  "description" : "US_SAMS_MEMBERSHIP_KIOSK",
  "fields": [
    {
      "path": "isTaxExempt"
    }
  ],
  "groups" : [
    {
      "apis": [
        {
          "ref": "getMembership"
        }
      ],
      "postTransformation": "buyer-mapper"
    },
    {
      "apis" : [
        {
          "ref": "getMembershipFee",
          "required": true,
          "postTransformation": "renew-upgrade"
        }
      ]
    },
    {
      "apis" : [
        {
          "ref": "creditSummary",
          "required": false
        },
        {
          "ref": "quickscreenSummary",
          "required": false,
          "preCondition": "check-credit-offer"
        }
      ],
      "postTransformation": "credit-summary-mapper"
    }
  ]
}