{
  "type": "wti",
  "description" : "US_SAMS_WTI",
  "fields": [
    {
      "path": "isTaxExempt"
    }
  ],
  "groups" : [
    {
      "apis": [
        {
          "ref": "getMembership",
          "filterDef" : {
            "filters": "membership[memberStatus,issuingClub,assignedClub,isTaxExempt,allowTaxExemptPurchase,printedMembershipCard,cardNumber],person[firstName,lastName,fullName,addresses,phoneNumbers,emailAddresses],organization[businessLegalName]"
          }
        }
      ]
    }
  ]
}