{
  "type": "US_SAMS_FUEL",
  "description" : "US_SAMS_FUEL",
  "fields": [
    {
      "path": "isTaxExempt"
    }
  ],
  "groups": [
    {
      "apis": [
        {
          "ref": "getMembership",
          "filterDef" : {
            "filters": "id,membershipId,personId,membership[id,ownerMembershipDetails,membershipTier,memberRole,memberStatus,isTaxExempt,allowTaxExemptPurchase,endDate,printedMembershipCard,cardNumber,cardType,cardStatus],person[firstName,lastName,fullName,emailAddresses,affiliations],organization[businessLegalName]"
          }
        },
        {
          "ref": "getMembershipFee",
          "required": false,
          "preCondition": "member-expired-deleted",
          "postTransformation": "renew-upgrade"
        }
      ],
      "postTransformation": "buyer-mapper"
    }
  ]
}