{
  "name": "rewardSummary",
  "uri": "/payment-instruments",
  "methodType": "GET",
  "dynamicHeaders": ["SAMS-CONSUMER-USER-ID","Sams-Consumer-Club-Number","Sams-Consumer-Tenant-Id", "sams-consumer-pref-channel","sams-consumer-true-source-application","Sams-Consumer-App-Id","Sams-Consumer-Source-Application"],
  "headers": ["Content-Type","accept","Sams-Consumer-Country-Code","Sams-Consumer-Pref-Lang","Ocp-Apim-Subscription-Key","Sams-Consumer-App-Id","Sams-Consumer-Source-Application","Authorization"],
  "basePath": "/sams-wallet/v2",
  "clientType": "CASHWALLET",
  "oAuthRequired": false
}