<?xml version="1.0" encoding="UTF-8"?>
<!--
If you have trouble changing loggers, set debug to "true" (locally) to get information about the
logging configuration to print to your console.  This won't be wrapped in JSON by the
cnsl appender defined later, so it will confuse Splunk and we need to try to make sure that
debug is set to "false" in production implementations.

Given the absence of a mechanism to modify the LogBack configurations remotely, we will
set the configuration to scan the configuration file every 60 seconds for changes.  This isn't
an expensive operation but will allow us to remotely connect to a running k8s pod and modify
the configuration as necessary and have that change take affect in ~60 seconds without
having to restart the pod.
 -->
<configuration debug="false" scan="true" scanPeriod="60 seconds">
    <!--
    With the expectation that debug="false" in normal circumstances (and always in production),
    this is probably overkill.  However, to explain, LogBack will write INFO and up messages
    about its activity (ie: creating appenders, setting compression methods, the path to the log
    file to write, etc) to the console.  This can be confusing clutter in Splunk.  This no-op status
    listener helps avoid that chatter.
     -->
    <statusListener class="ch.qos.logback.core.status.NopStatusListener" />
    <!--
    The AsyncAppender needs time upon application shutdown to flush logs to output and
    the whole point of using AsyncAppender is to minimize / eliminate blocking operations
    while logging.  The shutdownHook allows for those last logs to be written.  The delay
    value is in milliseconds; 250 (1/4th of a second) may or may not be enough.
     -->
    <shutdownHook class="ch.qos.logback.core.hook.DelayingShutdownHook">
        <delay>250</delay>
    </shutdownHook>
    <!--
        The use of JsonLayout results in the following information being written with each log
        statement.  The important thing for us is that we're writing to Console and each logging
        event, as a single JSON object, is managed by Splunk as a complete entity instead of
        treating each new-line as an individual log event.  The message is provided by a line in
        the Java code such as: logger.error( "caught an exception", e );  The exception attribute
        is only included if a Throwable is part of the logback API method being called.  Note that
        the exception is written as a single string; newlines and tabs are not formatted for
        presentation in the JSON output.

        {
        "timestamp" : "2019-03-26T22:57:25.919+0000",
        "level" : "ERROR",
        "thread" : "main",
        "logger" : "com.walmart.globalitemrules.service.ItemRestrictionCheckService",
        "message" : "caught an exception",
        "context" : "default",
        "exception" : "java.lang.ArithmeticException: / by zero\n\tat com.walmart.globalitemrules.service.ItemRestrictionCheckService.<init>(ItemRestrictionCheckService.java:42)\n\tat com.walmart.globalitemrules.service.ItemRestrictionCheckServiceTest.testHasRestrictions_NullUpcMap(ItemRestrictionCheckServiceTest.java:45)\n\tat sun.reflect.NativeMethodAccessorImpl.invoke0(Native Method)\n\tat sun.reflect.NativeMethodAccessorImpl.invoke(NativeMethodAccessorImpl.java:62)\n\tat sun.reflect.DelegatingMethodAccessorImpl.invoke(DelegatingMethodAccessorImpl.java:43)\n\tat java.lang.reflect.Method.invoke(Method.java:498)\n\tat org.junit.runners.model.FrameworkMethod$1.runReflectiveCall(FrameworkMethod.java:47)\n\tat org.junit.internal.runners.model.ReflectiveCallable.run(ReflectiveCallable.java:12)\n\tat org.junit.runners.model.FrameworkMethod.invokeExplosively(FrameworkMethod.java:44)\n\tat org.junit.internal.runners.statements.InvokeMethod.evaluate(InvokeMethod.java:17)\n\tat org.junit.internal.runners.statements.RunBefores.evaluate(RunBefores.java:26)\n\tat org.junit.runners.ParentRunner.runLeaf(ParentRunner.java:271)\n\tat org.junit.runners.BlockJUnit4ClassRunner.runChild(BlockJUnit4ClassRunner.java:70)\n\tat org.junit.runners.BlockJUnit4ClassRunner.runChild(BlockJUnit4ClassRunner.java:50)\n\tat org.junit.runners.ParentRunner$3.run(ParentRunner.java:238)\n\tat org.junit.runners.ParentRunner$1.schedule(ParentRunner.java:63)\n\tat org.junit.runners.ParentRunner.runChildren(ParentRunner.java:236)\n\tat org.junit.runners.ParentRunner.access$000(ParentRunner.java:53)\n\tat org.junit.runners.ParentRunner$2.evaluate(ParentRunner.java:229)\n\tat org.junit.runners.ParentRunner.run(ParentRunner.java:309)\n\tat org.eclipse.jdt.internal.junit4.runner.JUnit4TestReference.run(JUnit4TestReference.java:86)\n\tat org.eclipse.jdt.internal.junit.runner.TestExecution.run(TestExecution.java:38)\n\tat org.eclipse.jdt.internal.junit.runner.RemoteTestRunner.runTests(RemoteTestRunner.java:538)\n\tat org.eclipse.jdt.internal.junit.runner.RemoteTestRunner.runTests(RemoteTestRunner.java:760)\n\tat org.eclipse.jdt.internal.junit.runner.RemoteTestRunner.run(RemoteTestRunner.java:460)\n\tat org.eclipse.jdt.internal.junit.runner.RemoteTestRunner.main(RemoteTestRunner.java:206)\n"
      }
         -->
    <appender name="cnsl" class="ch.qos.logback.core.ConsoleAppender">
        <encoder class="ch.qos.logback.core.encoder.LayoutWrappingEncoder">
            <charset>UTF-8</charset>
            <layout class="ch.qos.logback.contrib.json.classic.JsonLayout">
                <jsonFormatter class="ch.qos.logback.contrib.jackson.JacksonJsonFormatter">
                    <prettyPrint>false</prettyPrint>
                </jsonFormatter>
                <appendLineSeparator>true</appendLineSeparator>
                <timestampFormat>yyyy-MM-dd'T'HH:mm:ss.SSSZ</timestampFormat>
                <timestampFormatTimezoneId>UTC</timestampFormatTimezoneId>
            </layout>
        </encoder>
    </appender>

    <logger name="org.springframework" level="DEBUG"
            additivity="false">
        <appender-ref ref="cnsl" />
    </logger>

    <!--
    We wrap the ConsoleAppender definition earlier with an AsyncAppender to defer the logging
    operation to a separate thread outside of the context of the client-initiated request.  This
    should help avoid the time block seen when writing extremely large objects to the logs.
    Setting the boolean neverBlock attribute to true takes this philosophy further. When set to
    false (the default), the appender will block when appending to a full queue; when true,
    LogBack will drop the message rather than blocking the application.  The discardingThreshold
    is another interesting component. When the blocking queue has 20% capacity remaining,
    it will drop events of level TRACE, DEBUG and INFO, keeping only events of level WARN
    and ERROR. To keep all events, set discardingThreshold to 0.  Taken together, all of this
    means that the queueSize needs to be sized properly for the volume of logging you will be
    doing in order to ensure that you never lose logging statements or experience blocking
    behavior in your application.
     -->
    <appender name="asyncCnsl" class="ch.qos.logback.classic.AsyncAppender">
        <includeCallerData>false</includeCallerData>
        <queueSize>500</queueSize>
        <neverBlock>true</neverBlock>
        <discardingThreshold>0</discardingThreshold>
        <appender-ref ref="cnsl" />
    </appender>

    <!--
        This is the default logging level for all packages not already covered by a specific logger
        definition.
         -->
    <root level="DEBUG">
        <appender-ref ref="asyncCnsl" />
    </root>

</configuration>